,precision,recall,f1-score,support
negative,0.4074074074074074,0.5789473684210527,0.4782608695652174,19.0
neutral,0.0,0.0,0.0,12.0
positive,0.45454545454545453,0.5263157894736842,0.4878048780487805,19.0
accuracy,0.42,0.42,0.42,0.42
macro avg,0.28731762065095395,0.3684210526315789,0.3220219158713326,50.0
weighted avg,0.3275420875420875,0.42,0.3671049840933192,50.0
